file,class,type,cbo,cboModified,fanin,fanout,wmc,dit,noc,rfc,lcom,lcom*,tcc,lcc,totalMethodsQty,staticMethodsQty,publicMethodsQty,privateMethodsQty,protectedMethodsQty,defaultMethodsQty,visibleMethodsQty,abstractMethodsQty,finalMethodsQty,synchronizedMethodsQty,totalFieldsQty,staticFieldsQty,publicFieldsQty,privateFieldsQty,protectedFieldsQty,defaultFieldsQty,finalFieldsQty,synchronizedFieldsQty,nosi,loc,returnQty,loopQty,comparisonsQty,tryCatchQty,parenthesizedExpsQty,stringLiteralsQty,numbersQty,assignmentsQty,mathOperationsQty,variablesQty,maxNestedBlocksQty,anonymousClassesQty,innerClassesQty,lambdasQty,uniqueWordsQty,modifiers,logStatementsQty
D:\dyst\.dyser.maga\code\MTaaS-Java\mtaas-sample\src\main\java\demo\convexhull\Point2D.java,demo.convexhull.Point2D,class,1,15,14,1,6,1,0,3,0,0.0,1.0,1.0,5,0,5,0,0,0,5,0,0,0,1,0,1,0,0,0,1,0,4,21,4,0,1,0,0,0,1,5,10,5,0,0,0,0,16,17,0
D:\dyst\.dyser.maga\code\MTaaS-Java\mtaas-sample\src\main\java\demo\order\OrderOutputMetamorphosis.java,demo.order.OrderOutputMetamorphosis,class,1,2,1,1,1,1,0,2,0,0.0,NaN,NaN,1,1,1,0,0,0,1,0,0,0,0,0,0,0,0,0,0,0,0,5,1,0,0,0,0,2,1,0,0,0,0,0,0,0,10,1,0
D:\dyst\.dyser.maga\code\MTaaS-Java\mtaas-sample\src\main\java\demo\textnorm\TextOutputMetamorphosisDoubleCounts.java,demo.textnorm.TextOutputMetamorphosisDoubleCounts,class,2,4,2,2,2,1,0,7,0,0.0,NaN,NaN,1,1,1,0,0,0,1,0,0,0,0,0,0,0,0,0,0,0,0,9,1,1,0,0,0,1,2,1,2,1,1,0,0,0,12,1,0
D:\dyst\.dyser.maga\code\MTaaS-Java\mtaas-sample\src\main\java\demo\convexhull\generator\RotateDataGenerator.java,demo.convexhull.generator.RotateDataGenerator,class,2,2,0,2,1,1,0,1,0,0.0,NaN,NaN,1,1,1,0,0,0,1,0,0,0,0,0,0,0,0,0,0,0,1,5,1,0,0,0,0,1,1,0,0,0,0,0,0,0,9,17,0
D:\dyst\.dyser.maga\code\MTaaS-Java\mtaas-sample\target\generated-sources\annotations\mtaas\generated\order_total\MetamorphicFunction_order_total.java,mtaas.generated.order_total.MetamorphicFunction_order_total,class,4,4,0,4,1,1,0,2,0,0.0,NaN,NaN,1,0,1,0,0,0,1,0,0,0,0,0,0,0,0,0,0,0,1,7,1,0,0,0,0,0,0,2,0,2,0,0,0,0,9,17,0
D:\dyst\.dyser.maga\code\MTaaS-Java\mtaas-sample\src\main\java\demo\convexhull\HullArtifactEntry.java,demo.convexhull.HullArtifactEntry,class,2,2,0,2,2,1,0,1,1,0.0,NaN,NaN,2,1,1,1,0,0,1,0,0,0,0,0,0,0,0,0,0,0,1,7,1,0,0,0,0,0,0,0,0,0,0,0,0,0,5,17,0
D:\dyst\.dyser.maga\code\MTaaS-Java\mtaas-sample\src\main\java\demo\order\OrderGenModel.java,demo.order.OrderGenModel,class,0,2,2,0,1,1,0,0,0,0.0,NaN,NaN,1,0,1,0,0,0,1,0,0,0,1,0,1,0,0,0,1,0,0,6,0,0,0,0,0,0,0,1,0,1,0,0,0,0,5,1,0
D:\dyst\.dyser.maga\code\MTaaS-Java\mtaas-sample\src\main\java\demo\textnorm\TextMetrics.java,demo.textnorm.TextMetrics,class,0,5,5,0,4,1,0,1,0,0.5,0.5,1.0,4,0,4,0,0,0,4,0,0,0,3,0,0,3,0,0,3,0,1,19,3,0,0,0,0,0,0,3,0,3,0,0,0,0,12,1,0
D:\dyst\.dyser.maga\code\MTaaS-Java\mtaas-sample\src\main\java\demo\convexhull\generator\BaseCloud.java,demo.convexhull.generator.BaseCloud,class,2,6,4,2,4,1,0,6,0,0.0,NaN,NaN,1,1,1,0,0,0,1,0,0,0,0,0,0,0,0,0,0,0,3,23,1,3,0,0,1,0,10,13,10,11,2,0,0,0,20,17,0
D:\dyst\.dyser.maga\code\MTaaS-Java\mtaas-sample\src\main\java\demo\convexhull\HullUtils.java,demo.convexhull.HullUtils,class,2,4,2,2,17,1,0,12,8,0.6,0.0,0.0,5,4,3,2,0,0,3,0,0,0,1,1,1,0,0,0,1,0,9,40,10,4,1,0,2,0,11,15,10,13,2,0,0,0,30,17,0
D:\dyst\.dyser.maga\code\MTaaS-Java\mtaas-sample\src\main\java\demo\convexhull\mr\rotate\MR_Rotate_Output.java,demo.convexhull.mr.rotate.MR_Rotate_Output,class,3,3,0,3,1,1,0,1,0,0.0,NaN,NaN,1,1,1,0,0,0,1,0,0,0,0,0,0,0,0,0,0,0,1,6,1,0,0,0,0,2,1,1,1,1,0,0,0,0,12,17,0
D:\dyst\.dyser.maga\code\MTaaS-Java\mtaas-sample\src\main\java\demo\textnorm\TextOutputModelComparer.java,demo.textnorm.TextOutputModelComparer,class,2,4,2,2,9,1,0,9,0,0.0,NaN,NaN,1,0,1,0,0,0,1,0,0,0,0,0,0,0,0,0,0,0,2,16,7,1,5,0,0,1,7,3,0,3,2,0,0,0,16,1,0
D:\dyst\.dyser.maga\code\MTaaS-Java\mtaas-sample\src\main\java\demo\convexhull\mr\scale\MR_Scale_Input.java,demo.convexhull.mr.scale.MR_Scale_Input,class,3,3,0,3,1,1,0,1,0,0.0,NaN,NaN,1,1,1,0,0,0,1,0,0,0,0,0,0,0,0,0,0,0,1,6,1,0,0,0,0,2,1,1,0,1,0,0,0,0,11,17,0
D:\dyst\.dyser.maga\code\MTaaS-Java\mtaas-sample\src\main\java\demo\convexhull\Transforms.java,demo.convexhull.Transforms,class,3,10,7,3,6,1,0,7,10,0.0,0.0,0.0,5,4,4,1,0,0,4,0,0,0,0,0,0,0,0,0,0,0,3,18,4,1,0,0,0,0,0,1,0,4,1,0,0,3,13,17,0
D:\dyst\.dyser.maga\code\MTaaS-Java\mtaas-sample\src\main\java\demo\textnorm\TextGenModel.java,demo.textnorm.TextGenModel,class,0,3,3,0,8,1,0,0,20,0.75,0.14285715,0.14285715,8,0,8,0,0,0,8,0,0,0,4,0,0,4,0,0,0,0,0,30,4,0,0,0,0,0,4,8,0,4,0,0,0,0,18,1,0
D:\dyst\.dyser.maga\code\MTaaS-Java\mtaas-sample\src\main\java\demo\convexhull\mr\translate\MR_Translate_Input.java,demo.convexhull.mr.translate.MR_Translate_Input,class,3,3,0,3,1,1,0,1,0,0.0,NaN,NaN,1,1,1,0,0,0,1,0,0,0,0,0,0,0,0,0,0,0,1,6,1,0,0,0,0,2,2,1,0,1,0,0,0,0,11,17,0
D:\dyst\.dyser.maga\code\MTaaS-Java\mtaas-sample\src\main\java\demo\DemoRunner.java,demo.DemoRunner,class,0,0,0,0,0,1,0,0,0,0.0,-1.0,-1.0,0,0,0,0,0,0,0,0,0,0,0,0,0,0,0,0,0,0,0,2,0,0,0,0,0,0,0,0,0,0,0,0,0,0,2,1,0
D:\dyst\.dyser.maga\code\MTaaS-Java\mtaas-sample\src\main\java\demo\convexhull\mr\permute\MR_Permute_Output.java,demo.convexhull.mr.permute.MR_Permute_Output,class,1,1,0,1,1,1,0,0,0,0.0,NaN,NaN,1,1,1,0,0,0,1,0,0,0,0,0,0,0,0,0,0,0,0,5,1,0,0,0,0,1,0,0,0,0,0,0,0,0,11,17,0
D:\dyst\.dyser.maga\code\MTaaS-Java\mtaas-sample\src\main\java\demo\convexhull\ConvexHull.java,demo.convexhull.ConvexHull,class,2,5,3,2,11,1,0,9,3,0.0,NaN,NaN,3,2,1,2,0,0,1,0,0,0,0,0,0,0,0,0,0,0,4,30,3,4,1,0,0,0,14,10,17,10,2,0,0,0,20,17,0
D:\dyst\.dyser.maga\code\MTaaS-Java\mtaas-sample\src\test\java\demo\textnorm\TextNormSmokeTest.java,demo.textnorm.TextNormSmokeTest,class,9,9,0,9,2,1,0,7,0,0.0,NaN,NaN,1,0,0,0,0,1,1,0,0,0,0,0,0,0,0,0,0,0,5,10,0,0,1,0,0,0,2,4,0,4,0,0,0,0,20,1,0
D:\dyst\.dyser.maga\code\MTaaS-Java\mtaas-sample\target\generated-sources\annotations\mtaas\generated\textnorm_duplicate\MetamorphicFunction_textnorm_duplicate.java,mtaas.generated.textnorm_duplicate.MetamorphicFunction_textnorm_duplicate,class,4,4,0,4,1,1,0,2,0,0.0,NaN,NaN,1,0,1,0,0,0,1,0,0,0,0,0,0,0,0,0,0,0,1,7,1,0,0,0,0,0,0,2,0,2,0,0,0,0,9,17,0
D:\dyst\.dyser.maga\code\MTaaS-Java\mtaas-sample\src\main\java\demo\convexhull\mr\permute\MR_Permute_Input.java,demo.convexhull.mr.permute.MR_Permute_Input,class,2,2,0,2,1,1,0,1,0,0.0,NaN,NaN,1,1,1,0,0,0,1,0,0,0,0,0,0,0,0,0,0,0,1,8,1,0,0,0,0,2,1,2,0,2,0,0,0,0,13,17,0
D:\dyst\.dyser.maga\code\MTaaS-Java\mtaas-sample\src\main\java\demo\convexhull\mr\translate\MR_Translate_Output.java,demo.convexhull.mr.translate.MR_Translate_Output,class,3,3,0,3,1,1,0,1,0,0.0,NaN,NaN,1,1,1,0,0,0,1,0,0,0,0,0,0,0,0,0,0,0,1,6,1,0,0,0,0,2,2,1,0,1,0,0,0,0,12,17,0
D:\dyst\.dyser.maga\code\MTaaS-Java\mtaas-sample\src\main\java\demo\order\OrderInputMetamorphosis.java,demo.order.OrderInputMetamorphosis,class,2,3,1,2,1,1,0,0,0,0.0,NaN,NaN,1,1,1,0,0,0,1,0,0,0,0,0,0,0,0,0,0,0,0,5,1,0,0,0,0,1,0,0,0,0,0,0,0,0,7,1,0
D:\dyst\.dyser.maga\code\MTaaS-Java\mtaas-sample\src\main\java\demo\convexhull\mr\rotate\MR_Rotate_Input.java,demo.convexhull.mr.rotate.MR_Rotate_Input,class,3,3,0,3,1,1,0,1,0,0.0,NaN,NaN,1,1,1,0,0,0,1,0,0,0,0,0,0,0,0,0,0,0,1,6,1,0,0,0,0,2,1,1,1,1,0,0,0,0,11,17,0
D:\dyst\.dyser.maga\code\MTaaS-Java\mtaas-sample\src\main\java\demo\textnorm\TextCorpus.java,demo.textnorm.TextCorpus,class,0,6,6,0,2,1,0,1,0,0.0,1.0,1.0,2,0,2,0,0,0,2,0,0,0,1,0,0,1,0,0,1,0,1,9,1,0,0,0,0,0,0,1,0,1,0,0,0,0,5,1,0
D:\dyst\.dyser.maga\code\MTaaS-Java\mtaas-sample\src\main\java\demo\order\OrderOutputModelComparer.java,demo.order.OrderOutputModelComparer,class,1,2,1,1,1,1,0,1,0,0.0,NaN,NaN,1,0,1,0,0,0,1,0,0,0,0,0,0,0,0,0,0,0,0,5,1,0,0,0,0,1,0,0,0,0,0,0,0,0,10,1,0
D:\dyst\.dyser.maga\code\MTaaS-Java\mtaas-sample\src\main\java\demo\textnorm\TextArtifactEntry.java,demo.textnorm.TextArtifactEntry,class,4,7,3,4,8,1,0,10,3,0.0,NaN,NaN,3,3,1,2,0,0,1,0,0,0,0,0,0,0,0,0,0,0,2,25,4,2,1,0,0,4,3,5,0,5,3,0,0,0,20,1,0
D:\dyst\.dyser.maga\code\MTaaS-Java\mtaas-sample\src\main\java\demo\convexhull\HullComparer.java,demo.convexhull.HullComparer,class,3,3,0,3,2,1,0,1,0,0.0,NaN,NaN,1,0,1,0,0,0,1,0,0,0,0,0,0,0,0,0,0,0,1,7,1,0,0,0,0,2,2,2,0,2,0,0,0,0,10,17,0
D:\dyst\.dyser.maga\code\MTaaS-Java\mtaas-sample\src\main\java\demo\order\OrderArtifactEntry.java,demo.order.OrderArtifactEntry,class,2,3,1,2,1,1,0,2,0,0.0,NaN,NaN,1,1,1,0,0,0,1,0,0,0,0,0,0,0,0,0,0,0,0,5,1,0,0,0,0,1,0,0,0,0,0,0,0,0,9,1,0
D:\dyst\.dyser.maga\code\MTaaS-Java\mtaas-sample\target\generated-sources\annotations\mtaas\generated\order_total\MetamorphicRelation_order_total.java,mtaas.generated.order_total.MetamorphicRelation_order_total,class,5,6,1,5,2,1,0,4,0,0.0,NaN,NaN,1,0,1,0,0,0,1,0,0,0,1,0,0,1,0,0,1,0,4,8,1,0,1,0,0,0,1,3,0,3,0,0,0,0,9,17,0
D:\dyst\.dyser.maga\code\MTaaS-Java\mtaas-sample\src\main\java\demo\convexhull\generator\PermuteDataGenerator.java,demo.convexhull.generator.PermuteDataGenerator,class,2,2,0,2,1,1,0,1,0,0.0,NaN,NaN,1,1,1,0,0,0,1,0,0,0,0,0,0,0,0,0,0,0,1,5,1,0,0,0,0,1,1,0,0,0,0,0,0,0,9,17,0
D:\dyst\.dyser.maga\code\MTaaS-Java\mtaas-sample\src\main\java\demo\convexhull\mr\scale\MR_Scale_Output.java,demo.convexhull.mr.scale.MR_Scale_Output,class,3,3,0,3,1,1,0,1,0,0.0,NaN,NaN,1,1,1,0,0,0,1,0,0,0,0,0,0,0,0,0,0,0,1,6,1,0,0,0,0,2,1,1,0,1,0,0,0,0,12,17,0
D:\dyst\.dyser.maga\code\MTaaS-Java\mtaas-sample\src\main\java\demo\order\Order.java,demo.order.Order,class,0,5,5,0,1,1,0,0,0,0.0,NaN,NaN,1,0,1,0,0,0,1,0,0,0,1,0,1,0,0,0,1,0,0,6,0,0,0,0,0,0,0,1,0,1,0,0,0,0,2,1,0
D:\dyst\.dyser.maga\code\MTaaS-Java\mtaas-sample\target\generated-sources\annotations\mtaas\generated\textnorm_duplicate\MetamorphicRelation_textnorm_duplicate.java,mtaas.generated.textnorm_duplicate.MetamorphicRelation_textnorm_duplicate,class,6,7,1,6,2,1,0,4,0,0.0,NaN,NaN,1,0,1,0,0,0,1,0,0,0,1,0,0,1,0,0,1,0,4,8,1,0,1,0,0,0,1,3,0,3,0,0,0,0,9,17,0
D:\dyst\.dyser.maga\code\MTaaS-Java\mtaas-sample\src\main\java\demo\order\OrderDataGenerator.java,demo.order.OrderDataGenerator,class,3,4,1,3,2,1,0,2,0,0.0,NaN,NaN,1,1,1,0,0,0,1,0,0,0,0,0,0,0,0,0,0,0,1,9,1,1,0,0,0,1,2,2,1,2,1,0,0,0,11,1,0
D:\dyst\.dyser.maga\code\MTaaS-Java\mtaas-sample\src\main\java\demo\textnorm\TextDataGenerator.java,demo.textnorm.TextDataGenerator,class,4,7,3,4,7,1,0,10,1,0.5,NaN,NaN,2,2,1,1,0,0,1,0,0,0,1,1,0,1,0,0,1,0,1,22,4,2,1,0,0,17,4,7,3,7,3,0,0,0,32,1,0
D:\dyst\.dyser.maga\code\MTaaS-Java\mtaas-sample\src\main\java\demo\textnorm\TextInputMetamorphosisDuplicate.java,demo.textnorm.TextInputMetamorphosisDuplicate,class,2,4,2,2,1,1,0,2,0,0.0,NaN,NaN,1,1,1,0,0,0,1,0,0,0,0,0,0,0,0,0,0,0,0,7,1,0,0,0,0,1,0,1,0,1,0,0,0,0,10,1,0
D:\dyst\.dyser.maga\code\MTaaS-Java\mtaas-sample\src\main\java\demo\convexhull\generator\ScaleDataGenerator.java,demo.convexhull.generator.ScaleDataGenerator,class,2,2,0,2,1,1,0,1,0,0.0,NaN,NaN,1,1,1,0,0,0,1,0,0,0,0,0,0,0,0,0,0,0,1,5,1,0,0,0,0,1,1,0,0,0,0,0,0,0,9,17,0
D:\dyst\.dyser.maga\code\MTaaS-Java\mtaas-sample\src\main\java\demo\convexhull\generator\TranslateDataGenerator.java,demo.convexhull.generator.TranslateDataGenerator,class,2,2,0,2,1,1,0,1,0,0.0,NaN,NaN,1,1,1,0,0,0,1,0,0,0,0,0,0,0,0,0,0,0,1,5,1,0,0,0,0,1,1,0,0,0,0,0,0,0,9,17,0
