file,class,method,constructor,line,cbo,cboModified,fanin,fanout,wmc,rfc,loc,returnsQty,variablesQty,parametersQty,methodsInvokedQty,methodsInvokedLocalQty,methodsInvokedIndirectLocalQty,loopQty,comparisonsQty,tryCatchQty,parenthesizedExpsQty,stringLiteralsQty,numbersQty,assignmentsQty,mathOperationsQty,maxNestedBlocksQty,anonymousClassesQty,innerClassesQty,lambdasQty,uniqueWordsQty,modifiers,logStatementsQty,hasJavaDoc
D:\dyst\.dyser.maga\code\MTaaS-Java\mtaas-sample\src\main\java\demo\convexhull\Point2D.java,demo.convexhull.Point2D,scale/1[double],false,8,1,2,1,1,1,0,3,1,0,1,0,0,0,0,0,0,0,0,0,0,2,0,0,0,0,5,1,0,false
D:\dyst\.dyser.maga\code\MTaaS-Java\mtaas-sample\src\main\java\demo\convexhull\Point2D.java,demo.convexhull.Point2D,"add/2[double,double]",false,6,1,2,1,1,1,0,3,1,0,2,0,0,0,0,0,0,0,0,0,0,2,0,0,0,0,5,1,0,false
D:\dyst\.dyser.maga\code\MTaaS-Java\mtaas-sample\src\main\java\demo\convexhull\Point2D.java,demo.convexhull.Point2D,"Point2D/2[double,double]",true,5,0,4,4,0,1,0,4,0,0,2,0,0,0,0,0,0,0,0,0,2,0,0,0,0,0,4,1,0,false
D:\dyst\.dyser.maga\code\MTaaS-Java\mtaas-sample\src\main\java\demo\convexhull\Point2D.java,demo.convexhull.Point2D,compareTo/1[demo.convexhull.Point2D],false,9,1,1,1,0,2,1,4,1,1,1,1,0,0,0,1,0,0,0,1,1,0,0,0,0,0,6,1,0,false
D:\dyst\.dyser.maga\code\MTaaS-Java\mtaas-sample\src\main\java\demo\convexhull\Point2D.java,demo.convexhull.Point2D,rotate/1[double],false,7,1,2,1,1,1,2,4,1,2,1,2,0,0,0,0,0,0,0,0,2,6,0,0,0,0,8,1,0,false
D:\dyst\.dyser.maga\code\MTaaS-Java\mtaas-sample\src\main\java\demo\order\OrderOutputMetamorphosis.java,demo.order.OrderOutputMetamorphosis,addTax/1[java.math.BigDecimal],false,11,0,1,1,0,1,2,3,1,0,1,2,0,0,0,0,0,0,1,1,0,0,0,0,0,0,5,9,0,false
D:\dyst\.dyser.maga\code\MTaaS-Java\mtaas-sample\src\main\java\demo\textnorm\TextOutputMetamorphosisDoubleCounts.java,demo.textnorm.TextOutputMetamorphosisDoubleCounts,doubleCounts/1[demo.textnorm.TextMetrics],false,11,1,6,2,4,2,7,7,1,1,1,7,0,0,1,0,0,0,0,2,1,2,1,0,0,0,7,9,0,false
D:\dyst\.dyser.maga\code\MTaaS-Java\mtaas-sample\src\main\java\demo\convexhull\generator\RotateDataGenerator.java,demo.convexhull.generator.RotateDataGenerator,make/0,false,7,1,1,0,1,1,1,3,1,0,0,1,0,0,0,0,0,0,0,1,0,0,0,0,0,0,4,9,0,false
D:\dyst\.dyser.maga\code\MTaaS-Java\mtaas-sample\target\generated-sources\annotations\mtaas\generated\order_total\MetamorphicFunction_order_total.java,mtaas.generated.order_total.MetamorphicFunction_order_total,run/1[demo.order.OrderGenModel],false,4,4,3,0,3,1,2,5,1,2,1,2,0,0,0,0,0,0,0,0,2,0,0,0,0,0,8,1,0,false
D:\dyst\.dyser.maga\code\MTaaS-Java\mtaas-sample\src\main\java\demo\convexhull\HullArtifactEntry.java,demo.convexhull.HullArtifactEntry,run/1[java.util.List<demo.convexhull.Point2D>],false,14,2,1,0,1,1,1,3,1,0,1,1,0,0,0,0,0,0,0,0,0,0,0,0,0,0,2,9,0,false
D:\dyst\.dyser.maga\code\MTaaS-Java\mtaas-sample\src\main\java\demo\convexhull\HullArtifactEntry.java,demo.convexhull.HullArtifactEntry,HullArtifactEntry/0,true,12,0,0,0,0,1,0,2,0,0,0,0,0,0,0,0,0,0,0,0,0,0,0,0,0,0,3,2,0,false
D:\dyst\.dyser.maga\code\MTaaS-Java\mtaas-sample\src\main\java\demo\order\OrderGenModel.java,demo.order.OrderGenModel,OrderGenModel/1[int],true,5,0,0,0,0,1,0,3,0,0,1,0,0,0,0,0,0,0,0,0,1,0,0,0,0,0,5,1,0,false
D:\dyst\.dyser.maga\code\MTaaS-Java\mtaas-sample\src\main\java\demo\textnorm\TextMetrics.java,demo.textnorm.TextMetrics,"TextMetrics/3[int,int,java.util.Map<java.lang.String,java.lang.Integer>]",true,12,0,2,2,0,1,0,5,0,0,3,0,0,0,0,0,0,0,0,0,3,0,0,0,0,0,8,1,0,false
D:\dyst\.dyser.maga\code\MTaaS-Java\mtaas-sample\src\main\java\demo\textnorm\TextMetrics.java,demo.textnorm.TextMetrics,getTokenFrequencies/0,false,20,0,2,2,0,1,1,3,1,0,0,1,0,0,0,0,0,0,0,0,0,0,0,0,0,0,4,1,0,false
D:\dyst\.dyser.maga\code\MTaaS-Java\mtaas-sample\src\main\java\demo\textnorm\TextMetrics.java,demo.textnorm.TextMetrics,getTotalTokens/0,false,18,0,2,2,0,1,0,3,1,0,0,0,0,0,0,0,0,0,0,0,0,0,0,0,0,0,4,1,0,false
D:\dyst\.dyser.maga\code\MTaaS-Java\mtaas-sample\src\main\java\demo\textnorm\TextMetrics.java,demo.textnorm.TextMetrics,getVocabularySize/0,false,19,0,2,2,0,1,0,3,1,0,0,0,0,0,0,0,0,0,0,0,0,0,0,0,0,0,4,1,0,false
D:\dyst\.dyser.maga\code\MTaaS-Java\mtaas-sample\src\main\java\demo\convexhull\generator\BaseCloud.java,demo.convexhull.generator.BaseCloud,cloud/1[long],false,8,2,6,4,2,4,6,21,1,11,1,6,0,0,3,0,0,1,0,10,13,10,2,0,0,0,18,9,0,false
D:\dyst\.dyser.maga\code\MTaaS-Java\mtaas-sample\src\main\java\demo\convexhull\HullUtils.java,demo.convexhull.HullUtils,HullUtils/0,true,6,0,0,0,0,1,0,2,0,0,0,0,0,0,0,0,0,0,0,0,0,0,0,0,0,0,2,2,0,false
D:\dyst\.dyser.maga\code\MTaaS-Java\mtaas-sample\src\main\java\demo\convexhull\HullUtils.java,demo.convexhull.HullUtils,signedArea/1[java.util.List<demo.convexhull.Point2D>],false,9,1,1,1,0,2,2,9,1,4,1,2,0,0,1,0,0,1,0,4,5,6,1,0,0,0,8,9,0,false
D:\dyst\.dyser.maga\code\MTaaS-Java\mtaas-sample\src\main\java\demo\convexhull\HullUtils.java,demo.convexhull.HullUtils,canonicalize/1[java.util.List<demo.convexhull.Point2D>],false,13,2,3,1,2,6,7,10,2,5,1,7,1,1,2,0,0,1,0,5,6,2,2,0,0,0,9,9,0,false
D:\dyst\.dyser.maga\code\MTaaS-Java\mtaas-sample\src\main\java\demo\convexhull\HullUtils.java,demo.convexhull.HullUtils,"equalsUpToCyclicRotation/2[java.util.List<demo.convexhull.Point2D>,java.util.List<demo.convexhull.Point2D>]",false,23,2,3,1,2,4,5,9,4,2,2,5,2,2,0,1,0,0,0,0,2,0,1,0,0,0,15,9,0,false
D:\dyst\.dyser.maga\code\MTaaS-Java\mtaas-sample\src\main\java\demo\convexhull\HullUtils.java,demo.convexhull.HullUtils,"eqSeq/2[java.util.List<demo.convexhull.Point2D>,java.util.List<demo.convexhull.Point2D>]",false,29,1,1,1,0,4,3,7,3,1,2,3,0,0,1,0,0,0,0,1,1,2,2,0,0,0,9,10,0,false
D:\dyst\.dyser.maga\code\MTaaS-Java\mtaas-sample\src\main\java\demo\convexhull\mr\rotate\MR_Rotate_Output.java,demo.convexhull.mr.rotate.MR_Rotate_Output,transform/1[java.lang.Object],false,10,2,1,0,1,1,1,4,1,1,1,1,0,0,0,0,0,0,1,1,1,1,0,0,0,0,5,9,0,false
D:\dyst\.dyser.maga\code\MTaaS-Java\mtaas-sample\src\main\java\demo\textnorm\TextOutputModelComparer.java,demo.textnorm.TextOutputModelComparer,"compare/2[demo.textnorm.TextMetrics,demo.textnorm.TextMetrics]",false,13,1,4,1,3,9,9,14,7,3,2,9,0,0,1,5,0,0,0,7,3,0,2,0,0,0,11,1,0,false
D:\dyst\.dyser.maga\code\MTaaS-Java\mtaas-sample\src\main\java\demo\convexhull\mr\scale\MR_Scale_Input.java,demo.convexhull.mr.scale.MR_Scale_Input,apply/1[java.lang.Object],false,11,2,1,0,1,1,1,4,1,1,1,1,0,0,0,0,0,0,1,1,1,0,0,0,0,0,4,9,0,false
D:\dyst\.dyser.maga\code\MTaaS-Java\mtaas-sample\src\main\java\demo\convexhull\Transforms.java,demo.convexhull.Transforms,"rotate/2[java.util.List<demo.convexhull.Point2D>,double]",false,14,2,4,2,2,1,2,3,1,1,2,2,0,0,0,0,0,0,0,0,0,0,0,0,0,1,3,9,0,false
D:\dyst\.dyser.maga\code\MTaaS-Java\mtaas-sample\src\main\java\demo\convexhull\Transforms.java,demo.convexhull.Transforms,"map/2[java.util.List<T>,java.util.function.Function<T,T>]",false,8,1,0,0,0,2,3,5,1,1,2,3,0,0,1,0,0,0,0,0,1,0,1,0,0,0,6,9,0,false
D:\dyst\.dyser.maga\code\MTaaS-Java\mtaas-sample\src\main\java\demo\convexhull\Transforms.java,demo.convexhull.Transforms,Transforms/0,true,7,0,0,0,0,1,0,2,0,0,0,0,0,0,0,0,0,0,0,0,0,0,0,0,0,0,1,2,0,false
D:\dyst\.dyser.maga\code\MTaaS-Java\mtaas-sample\src\main\java\demo\convexhull\Transforms.java,demo.convexhull.Transforms,"scale/2[java.util.List<demo.convexhull.Point2D>,double]",false,17,2,4,2,2,1,2,3,1,1,2,2,0,0,0,0,0,0,0,0,0,0,0,0,0,1,3,9,0,false
D:\dyst\.dyser.maga\code\MTaaS-Java\mtaas-sample\src\main\java\demo\convexhull\Transforms.java,demo.convexhull.Transforms,"translate/3[java.util.List<demo.convexhull.Point2D>,double,double]",false,11,2,4,2,2,1,2,3,1,1,3,2,0,0,0,0,0,0,0,0,0,0,0,0,0,1,3,9,0,false
D:\dyst\.dyser.maga\code\MTaaS-Java\mtaas-sample\src\main\java\demo\textnorm\TextGenModel.java,demo.textnorm.TextGenModel,getMinTokensPerSentence/0,false,12,0,1,1,0,1,0,3,1,0,0,0,0,0,0,0,0,0,0,0,0,0,0,0,0,0,6,1,0,false
D:\dyst\.dyser.maga\code\MTaaS-Java\mtaas-sample\src\main\java\demo\textnorm\TextGenModel.java,demo.textnorm.TextGenModel,setMinTokensPerSentence/1[int],false,13,0,0,0,0,1,0,3,0,0,1,0,0,0,0,0,0,0,0,0,1,0,0,0,0,0,6,1,0,false
D:\dyst\.dyser.maga\code\MTaaS-Java\mtaas-sample\src\main\java\demo\textnorm\TextGenModel.java,demo.textnorm.TextGenModel,setSeed/1[long],false,19,0,1,1,0,1,0,3,0,0,1,0,0,0,0,0,0,0,0,0,1,0,0,0,0,0,3,1,0,false
D:\dyst\.dyser.maga\code\MTaaS-Java\mtaas-sample\src\main\java\demo\textnorm\TextGenModel.java,demo.textnorm.TextGenModel,setSentences/1[int],false,10,0,0,0,0,1,0,3,0,0,1,0,0,0,0,0,0,0,0,0,1,0,0,0,0,0,3,1,0,false
D:\dyst\.dyser.maga\code\MTaaS-Java\mtaas-sample\src\main\java\demo\textnorm\TextGenModel.java,demo.textnorm.TextGenModel,getMaxTokensPerSentence/0,false,15,0,1,1,0,1,0,3,1,0,0,0,0,0,0,0,0,0,0,0,0,0,0,0,0,0,6,1,0,false
D:\dyst\.dyser.maga\code\MTaaS-Java\mtaas-sample\src\main\java\demo\textnorm\TextGenModel.java,demo.textnorm.TextGenModel,getSeed/0,false,18,0,1,1,0,1,0,3,1,0,0,0,0,0,0,0,0,0,0,0,0,0,0,0,0,0,3,1,0,false
D:\dyst\.dyser.maga\code\MTaaS-Java\mtaas-sample\src\main\java\demo\textnorm\TextGenModel.java,demo.textnorm.TextGenModel,getSentences/0,false,9,0,1,1,0,1,0,3,1,0,0,0,0,0,0,0,0,0,0,0,0,0,0,0,0,0,3,1,0,false
D:\dyst\.dyser.maga\code\MTaaS-Java\mtaas-sample\src\main\java\demo\textnorm\TextGenModel.java,demo.textnorm.TextGenModel,setMaxTokensPerSentence/1[int],false,16,0,0,0,0,1,0,3,0,0,1,0,0,0,0,0,0,0,0,0,1,0,0,0,0,0,6,1,0,false
D:\dyst\.dyser.maga\code\MTaaS-Java\mtaas-sample\src\main\java\demo\convexhull\mr\translate\MR_Translate_Input.java,demo.convexhull.mr.translate.MR_Translate_Input,apply/1[java.lang.Object],false,11,2,1,0,1,1,1,4,1,1,1,1,0,0,0,0,0,0,1,2,1,0,0,0,0,0,4,9,0,false
D:\dyst\.dyser.maga\code\MTaaS-Java\mtaas-sample\src\main\java\demo\convexhull\mr\permute\MR_Permute_Output.java,demo.convexhull.mr.permute.MR_Permute_Output,transform/1[java.lang.Object],false,7,0,0,0,0,1,0,3,1,0,1,0,0,0,0,0,0,0,0,0,0,0,0,0,0,0,4,9,0,false
D:\dyst\.dyser.maga\code\MTaaS-Java\mtaas-sample\src\main\java\demo\convexhull\ConvexHull.java,demo.convexhull.ConvexHull,"cross/3[demo.convexhull.Point2D,demo.convexhull.Point2D,demo.convexhull.Point2D]",false,17,1,1,1,0,1,0,4,1,4,3,0,0,0,0,0,0,0,0,0,4,7,0,0,0,0,8,10,0,false
D:\dyst\.dyser.maga\code\MTaaS-Java\mtaas-sample\src\main\java\demo\convexhull\ConvexHull.java,demo.convexhull.ConvexHull,compute/1[java.util.List<demo.convexhull.Point2D>],false,7,2,3,2,1,9,9,22,2,6,1,9,1,1,4,1,0,0,0,14,6,10,2,0,0,0,11,9,0,false
D:\dyst\.dyser.maga\code\MTaaS-Java\mtaas-sample\src\main\java\demo\convexhull\ConvexHull.java,demo.convexhull.ConvexHull,ConvexHull/0,true,6,0,0,0,0,1,0,2,0,0,0,0,0,0,0,0,0,0,0,0,0,0,0,0,0,0,2,2,0,false
D:\dyst\.dyser.maga\code\MTaaS-Java\mtaas-sample\src\test\java\demo\textnorm\TextNormSmokeTest.java,demo.textnorm.TextNormSmokeTest,relationRuns/0,false,9,9,8,0,8,2,7,8,0,4,0,7,0,0,0,1,0,0,0,2,4,0,0,0,0,0,17,0,0,false
D:\dyst\.dyser.maga\code\MTaaS-Java\mtaas-sample\target\generated-sources\annotations\mtaas\generated\textnorm_duplicate\MetamorphicFunction_textnorm_duplicate.java,mtaas.generated.textnorm_duplicate.MetamorphicFunction_textnorm_duplicate,run/1[demo.textnorm.TextGenModel],false,4,4,3,0,3,1,2,5,1,2,1,2,0,0,0,0,0,0,0,0,2,0,0,0,0,0,8,1,0,false
D:\dyst\.dyser.maga\code\MTaaS-Java\mtaas-sample\src\main\java\demo\convexhull\mr\permute\MR_Permute_Input.java,demo.convexhull.mr.permute.MR_Permute_Input,apply/1[java.lang.Object],false,9,1,0,0,0,1,1,6,1,2,1,1,0,0,0,0,0,0,1,1,2,0,0,0,0,0,6,9,0,false
D:\dyst\.dyser.maga\code\MTaaS-Java\mtaas-sample\src\main\java\demo\convexhull\mr\translate\MR_Translate_Output.java,demo.convexhull.mr.translate.MR_Translate_Output,transform/1[java.lang.Object],false,11,2,1,0,1,1,1,4,1,1,1,1,0,0,0,0,0,0,1,2,1,0,0,0,0,0,5,9,0,false
D:\dyst\.dyser.maga\code\MTaaS-Java\mtaas-sample\src\main\java\demo\order\OrderInputMetamorphosis.java,demo.order.OrderInputMetamorphosis,normalize/1[demo.order.Order],false,7,1,1,1,0,1,0,3,1,0,1,0,0,0,0,0,0,0,0,0,0,0,0,0,0,0,3,9,0,false
D:\dyst\.dyser.maga\code\MTaaS-Java\mtaas-sample\src\main\java\demo\convexhull\mr\rotate\MR_Rotate_Input.java,demo.convexhull.mr.rotate.MR_Rotate_Input,apply/1[java.lang.Object],false,10,2,1,0,1,1,1,4,1,1,1,1,0,0,0,0,0,0,1,1,1,1,0,0,0,0,4,9,0,false
D:\dyst\.dyser.maga\code\MTaaS-Java\mtaas-sample\src\main\java\demo\textnorm\TextCorpus.java,demo.textnorm.TextCorpus,TextCorpus/1[java.util.List<java.lang.String>],true,10,0,2,2,0,1,0,3,0,0,1,0,0,0,0,0,0,0,0,0,1,0,0,0,0,0,3,1,0,false
D:\dyst\.dyser.maga\code\MTaaS-Java\mtaas-sample\src\main\java\demo\textnorm\TextCorpus.java,demo.textnorm.TextCorpus,getSentences/0,false,14,0,2,2,0,1,1,3,1,0,0,1,0,0,0,0,0,0,0,0,0,0,0,0,0,0,3,1,0,false
D:\dyst\.dyser.maga\code\MTaaS-Java\mtaas-sample\src\main\java\demo\order\OrderOutputModelComparer.java,demo.order.OrderOutputModelComparer,"compare/2[java.math.BigDecimal,java.math.BigDecimal]",false,11,0,0,0,0,1,1,3,1,0,2,1,0,0,0,0,0,0,0,0,0,0,0,0,0,0,4,1,0,false
D:\dyst\.dyser.maga\code\MTaaS-Java\mtaas-sample\src\main\java\demo\textnorm\TextArtifactEntry.java,demo.textnorm.TextArtifactEntry,tokenize/1[java.lang.String],false,39,0,1,1,0,2,2,4,2,0,1,2,0,0,0,0,0,0,1,1,0,0,1,0,0,0,2,10,0,false
D:\dyst\.dyser.maga\code\MTaaS-Java\mtaas-sample\src\main\java\demo\textnorm\TextArtifactEntry.java,demo.textnorm.TextArtifactEntry,analyze/1[demo.textnorm.TextCorpus],false,13,3,6,2,4,5,6,16,1,5,1,6,2,1,2,1,0,0,0,2,5,0,3,0,0,0,15,9,0,false
D:\dyst\.dyser.maga\code\MTaaS-Java\mtaas-sample\src\main\java\demo\textnorm\TextArtifactEntry.java,demo.textnorm.TextArtifactEntry,normalize/1[java.lang.String],false,34,0,1,1,0,1,3,3,1,0,1,3,0,0,0,0,0,0,2,0,0,0,0,0,0,0,2,10,0,false
D:\dyst\.dyser.maga\code\MTaaS-Java\mtaas-sample\src\main\java\demo\convexhull\HullComparer.java,demo.convexhull.HullComparer,"compare/2[java.lang.Object,java.lang.Object]",false,16,2,1,0,1,2,1,5,1,2,2,1,0,0,0,0,0,0,1,2,2,0,0,0,0,0,6,1,0,false
D:\dyst\.dyser.maga\code\MTaaS-Java\mtaas-sample\src\main\java\demo\order\OrderArtifactEntry.java,demo.order.OrderArtifactEntry,total/1[demo.order.Order],false,8,1,1,1,0,1,2,3,1,0,1,2,0,0,0,0,0,0,0,0,0,0,0,0,0,0,5,9,0,false
D:\dyst\.dyser.maga\code\MTaaS-Java\mtaas-sample\target\generated-sources\annotations\mtaas\generated\order_total\MetamorphicRelation_order_total.java,mtaas.generated.order_total.MetamorphicRelation_order_total,validate/1[demo.order.Order],false,5,4,4,1,3,2,4,5,1,2,1,4,0,0,0,1,0,0,0,1,2,0,0,0,0,0,4,1,0,false
D:\dyst\.dyser.maga\code\MTaaS-Java\mtaas-sample\src\main\java\demo\convexhull\generator\PermuteDataGenerator.java,demo.convexhull.generator.PermuteDataGenerator,make/0,false,7,1,1,0,1,1,1,3,1,0,0,1,0,0,0,0,0,0,0,1,0,0,0,0,0,0,4,9,0,false
D:\dyst\.dyser.maga\code\MTaaS-Java\mtaas-sample\src\main\java\demo\convexhull\mr\scale\MR_Scale_Output.java,demo.convexhull.mr.scale.MR_Scale_Output,transform/1[java.lang.Object],false,11,2,1,0,1,1,1,4,1,1,1,1,0,0,0,0,0,0,1,1,1,0,0,0,0,0,5,9,0,false
D:\dyst\.dyser.maga\code\MTaaS-Java\mtaas-sample\src\main\java\demo\order\Order.java,demo.order.Order,Order/1[java.util.List<java.math.BigDecimal>],true,8,0,1,1,0,1,0,3,0,0,1,0,0,0,0,0,0,0,0,0,1,0,0,0,0,0,2,1,0,false
D:\dyst\.dyser.maga\code\MTaaS-Java\mtaas-sample\target\generated-sources\annotations\mtaas\generated\textnorm_duplicate\MetamorphicRelation_textnorm_duplicate.java,mtaas.generated.textnorm_duplicate.MetamorphicRelation_textnorm_duplicate,validate/1[demo.textnorm.TextCorpus],false,5,5,4,1,3,2,4,5,1,2,1,4,0,0,0,1,0,0,0,1,2,0,0,0,0,0,4,1,0,false
D:\dyst\.dyser.maga\code\MTaaS-Java\mtaas-sample\src\main\java\demo\order\OrderDataGenerator.java,demo.order.OrderDataGenerator,make/1[demo.order.OrderGenModel],false,10,2,2,1,1,2,2,7,1,2,1,2,0,0,1,0,0,0,0,2,2,1,1,0,0,0,7,9,0,false
D:\dyst\.dyser.maga\code\MTaaS-Java\mtaas-sample\src\main\java\demo\textnorm\TextDataGenerator.java,demo.textnorm.TextDataGenerator,make/1[demo.textnorm.TextGenModel],false,18,3,8,2,6,4,10,14,1,6,1,10,1,1,2,0,0,0,0,3,6,0,3,0,0,0,17,9,0,false
D:\dyst\.dyser.maga\code\MTaaS-Java\mtaas-sample\src\main\java\demo\textnorm\TextDataGenerator.java,demo.textnorm.TextDataGenerator,"randBetween/3[java.util.Random,int,int]",false,35,0,1,1,0,3,1,5,3,0,3,1,0,0,0,1,0,0,0,1,0,3,1,0,0,0,5,10,0,false
D:\dyst\.dyser.maga\code\MTaaS-Java\mtaas-sample\src\main\java\demo\textnorm\TextInputMetamorphosisDuplicate.java,demo.textnorm.TextInputMetamorphosisDuplicate,duplicate/1[demo.textnorm.TextCorpus],false,11,1,4,2,2,1,2,5,1,1,1,2,0,0,0,0,0,0,0,0,1,0,0,0,0,0,5,9,0,false
D:\dyst\.dyser.maga\code\MTaaS-Java\mtaas-sample\src\main\java\demo\convexhull\generator\ScaleDataGenerator.java,demo.convexhull.generator.ScaleDataGenerator,make/0,false,7,1,1,0,1,1,1,3,1,0,0,1,0,0,0,0,0,0,0,1,0,0,0,0,0,0,4,9,0,false
D:\dyst\.dyser.maga\code\MTaaS-Java\mtaas-sample\src\main\java\demo\convexhull\generator\TranslateDataGenerator.java,demo.convexhull.generator.TranslateDataGenerator,make/0,false,7,1,1,0,1,1,1,3,1,0,0,1,0,0,0,0,0,0,0,1,0,0,0,0,0,0,4,9,0,false
